<application>
  <component name="BaseRefactoringSettings">
    <option name="SAFE_DELETE_WHEN_DELETE" value="false" />
    <option name="RENAME_SEARCH_IN_COMMENTS_FOR_FILE" value="false" />
    <option name="RENAME_SEARCH_FOR_REFERENCES_FOR_FILE" value="false" />
    <option name="MOVE_SEARCH_FOR_REFERENCES_FOR_FILE" value="false" />
  </component>
  <component name="JSRefactoringSettings">
    <option name="RENAME_SEARCH_FOR_COMPONENT_USAGES" value="false" />
  </component>
  <component name="PhpRefactoringSettings">
    <option name="MOVE_CLASS_SEARCH_IN_COMMENTS_AND_STRINGS" value="true" />
    <option name="MOVE_CLASS_SEARCH_IN_TEXT_OCCURRENCES" value="true" />
  </component>
</application>