<application>
  <component name="KeymapFlagsStorage">
    <option name="keymapToDescriptor">
      <map>
        <entry key="VSCode copy">
          <value>
            <list />
          </value>
        </entry>
        <entry key="Windows copy">
          <value>
            <list />
          </value>
        </entry>
        <entry key="Windows copy Proper Redo">
          <value>
            <list />
          </value>
        </entry>
      </map>
    </option>
  </component>
</application>