<application>
  <component name="Trusted.Paths">
    <option name="TRUSTED_PROJECT_PATHS">
      <map>
        <entry key="C:\Users\Natilos" value="true" />
        <entry key="P:\00000000\New folder (2)\cmd" value="true" />
        <entry key="P:\borzan" value="true" />
        <entry key="P:\bot" value="true" />
        <entry key="P:\cmd" value="true" />
        <entry key="P:\efdsari\laravel" value="true" />
        <entry key="P:\efdsari\laravel2" value="true" />
        <entry key="P:\extensions_chrome" value="true" />
        <entry key="P:\laravel-auth" value="true" />
        <entry key="P:\ll" value="true" />
        <entry key="P:\natilos" value="true" />
        <entry key="P:\nuxt" value="true" />
        <entry key="P:\reactNative\LoginApp" value="true" />
        <entry key="P:\telegrambot" value="true" />
        <entry key="P:\wordpress" value="true" />
        <entry key="P:\xcode" value="true" />
      </map>
    </option>
  </component>
  <component name="Trusted.Paths.Settings">
    <option name="TRUSTED_PATHS">
      <list>
        <option value="P:\" />
      </list>
    </option>
  </component>
</application>