<application>
  <component name="Trusted.Paths">
    <option name="TRUSTED_PROJECT_PATHS">
      <map>
        <entry key="C:\Users\Natilos" value="true" />
        <entry key="P:\00000000\New folder (2)\cmd" value="true" />
        <entry key="P:\abinmarket.ir" value="true" />
        <entry key="P:\auth" value="true" />
        <entry key="P:\borzan" value="true" />
        <entry key="P:\bot" value="true" />
        <entry key="P:\chat" value="true" />
        <entry key="P:\chat5.4" value="true" />
        <entry key="P:\chat5.4\react" value="true" />
        <entry key="P:\chat8.1" value="true" />
        <entry key="P:\chat\nuxt" value="true" />
        <entry key="P:\chat\nuxt2" value="true" />
        <entry key="P:\chat\nuxt3" value="true" />
        <entry key="P:\cmd" value="true" />
        <entry key="P:\digi-scraper" value="true" />
        <entry key="P:\education" value="true" />
        <entry key="P:\efdsari" value="true" />
        <entry key="P:\efdsari\laravel" value="true" />
        <entry key="P:\efdsari\laravel2" value="true" />
        <entry key="P:\extensions_chrome" value="true" />
        <entry key="P:\laravel-auth" value="true" />
        <entry key="P:\ll" value="true" />
        <entry key="P:\natilos" value="true" />
        <entry key="P:\natilos.ir\public_html" value="true" />
        <entry key="P:\nidaa.ir" value="true" />
        <entry key="P:\nuxt" value="true" />
        <entry key="P:\reactNative\LoginApp" value="true" />
        <entry key="P:\snappshop-scraper" value="true" />
        <entry key="P:\telegrambot" value="true" />
        <entry key="P:\wordpress" value="true" />
        <entry key="P:\xcode" value="true" />
      </map>
    </option>
  </component>
  <component name="Trusted.Paths.Settings">
    <option name="TRUSTED_PATHS">
      <list>
        <option value="P:\" />
      </list>
    </option>
  </component>
</application>