<application>
  <component name="WindowManager">
    <frame x="0" y="0" width="1921" height="1201" extendedState="6" fullScreen="true" />
  </component>
  <component name="WindowStateApplicationService">
    <state x="650" y="291" key="FileChooserDialogImpl" timestamp="1744280092642">
      <screen x="0" y="0" width="1739" height="1087" />
    </state>
    <state x="650" y="291" key="FileChooserDialogImpl/0.0.1739.1087" timestamp="1744280092642" />
    <state width="476" height="135" key="ShowUsagesActions.dimensionServiceKey" timestamp="1744377554284">
      <screen x="0" y="0" width="1739" height="1087" />
    </state>
    <state width="476" height="135" key="ShowUsagesActions.dimensionServiceKey/0.0.1739.1087" timestamp="1744377554284" />
    <state x="869" y="546" width="1753" height="1101" key="WELCOME_SCREEN" timestamp="1744280086221">
      <screen x="0" y="0" width="1739" height="1087" />
    </state>
    <state x="869" y="454" width="800" height="650" key="WELCOME_SCREEN/0.0.1739.1039" timestamp="1743884635979" />
    <state x="869" y="546" width="1753" height="1101" key="WELCOME_SCREEN/0.0.1739.1087" timestamp="1744280086221" />
  </component>
</application>