<application>
  <component name="DimensionService">
    <location key="find.popup.0.0.1921.1201@106dpi" x="701" y="176" />
    <location key="find.popup.0.0.1921.1080@106dpi" x="701" y="153" />
    <location key="find.popup.2120.0.1921.1201@106dpi" x="2821" y="170" />
    <size key="find.popup.0.0.1921.1201@106dpi" width="936" height="971" />
    <size key="find.popup.0.0.1921.1080@106dpi" width="936" height="874" />
    <size key="find.popup.2120.0.1921.1201@106dpi" width="715" height="619" />
    <size key="GridCell.Tab.0.left.0.0.1921.1201@106dpi" width="1921" height="349" />
    <size key="GridCell.Tab.0.center.0.0.1921.1201@106dpi" width="1921" height="349" />
    <size key="GridCell.Tab.0.right.0.0.1921.1201@106dpi" width="1921" height="349" />
    <size key="GridCell.Tab.0.bottom.0.0.1921.1201@106dpi" width="1921" height="349" />
  </component>
  <component name="WindowManager">
    <frame x="0" y="0" width="1921" height="1201" extendedState="6" fullScreen="true" />
  </component>
  <component name="WindowStateApplicationService">
    <state width="929" height="111" key="ShowUsagesActions.dimensionServiceKey" timestamp="1764160889217">
      <screen x="0" y="0" width="1739" height="1087" />
    </state>
    <state width="929" height="111" key="ShowUsagesActions.dimensionServiceKey/0.0.1739.1087" timestamp="1764160889217" />
    <state width="780" height="135" key="ShowUsagesActions.dimensionServiceKey/0.0.1739.978" timestamp="1760257803583" />
  </component>
</application>