<application>
  <component name="DimensionService">
    <location key="find.popup.0.0.1921.1201@106dpi" x="701" y="170" />
    <location key="find.popup.0.0.1921.1080@106dpi" x="699" y="141" />
    <location key="find.popup.2120.0.1921.1201@106dpi" x="2821" y="170" />
    <size key="find.popup.0.0.1921.1201@106dpi" width="715" height="619" />
    <size key="find.popup.0.0.1921.1080@106dpi" width="722" height="928" />
    <size key="find.popup.2120.0.1921.1201@106dpi" width="715" height="619" />
    <size key="GridCell.Tab.0.left.0.0.1921.1201@106dpi" width="1921" height="349" />
    <size key="GridCell.Tab.0.center.0.0.1921.1201@106dpi" width="1921" height="349" />
    <size key="GridCell.Tab.0.right.0.0.1921.1201@106dpi" width="1921" height="349" />
    <size key="GridCell.Tab.0.bottom.0.0.1921.1201@106dpi" width="1921" height="349" />
  </component>
  <component name="WindowManager">
    <frame x="184" y="45" width="1549" height="1106" extendedState="6" />
  </component>
  <component name="WindowStateApplicationService">
    <state x="650" y="291" key="FileChooserDialogImpl" timestamp="1752599935563">
      <screen x="0" y="0" width="1739" height="1087" />
    </state>
    <state x="650" y="291" key="FileChooserDialogImpl/0.0.1739.1087" timestamp="1752146137364" />
    <state x="650" y="291" key="FileChooserDialogImpl/0.0.1739.1087/-1920.10.1739.978" timestamp="1752599935563" />
    <state width="597" height="207" key="ShowUsagesActions.dimensionServiceKey" timestamp="1752513146599">
      <screen x="0" y="0" width="1739" height="1087" />
    </state>
    <state width="456" height="111" key="ShowUsagesActions.dimensionServiceKey/0.0.1739.1087" timestamp="1751998574914" />
    <state width="597" height="207" key="ShowUsagesActions.dimensionServiceKey/0.0.1739.1087/-1920.10.1739.978" timestamp="1752513146599" />
    <state width="429" height="138" key="ShowUsagesActions.dimensionServiceKey/0.0.1739.978" timestamp="1748440227241" />
    <state width="487" height="135" key="ShowUsagesActions.dimensionServiceKey/1920.0.1739.1087/0.0.1739.978" timestamp="1751822936758" />
    <state x="869" y="546" width="1753" height="1101" key="WELCOME_SCREEN" timestamp="1752599907218">
      <screen x="0" y="0" width="1739" height="1087" />
    </state>
    <state x="869" y="546" width="1753" height="1101" key="WELCOME_SCREEN/0.0.1739.1087" timestamp="1752146100754" />
    <state x="869" y="546" width="1753" height="1101" key="WELCOME_SCREEN/0.0.1739.1087/-1920.10.1739.978" timestamp="1752599907218" />
  </component>
</application>