<application>
  <component name="DimensionService">
    <location key="find.popup.0.0.1921.1201@106dpi" x="699" y="157" />
    <location key="find.popup.0.0.1921.1080@106dpi" x="699" y="141" />
    <size key="find.popup.0.0.1921.1201@106dpi" width="722" height="1032" />
    <size key="find.popup.0.0.1921.1080@106dpi" width="722" height="928" />
  </component>
  <component name="WindowManager">
    <frame x="-8" y="-8" width="1936" height="1216" extendedState="6" />
  </component>
  <component name="WindowStateApplicationService">
    <state x="650" y="291" key="FileChooserDialogImpl" timestamp="1747844706584">
      <screen x="0" y="0" width="1739" height="1087" />
    </state>
    <state x="650" y="291" key="FileChooserDialogImpl/0.0.1739.1087" timestamp="1747844706584" />
    <state width="456" height="111" key="ShowUsagesActions.dimensionServiceKey" timestamp="1748629148307">
      <screen x="0" y="0" width="1739" height="1087" />
    </state>
    <state width="456" height="111" key="ShowUsagesActions.dimensionServiceKey/0.0.1739.1087" timestamp="1748629148307" />
    <state width="429" height="138" key="ShowUsagesActions.dimensionServiceKey/0.0.1739.978" timestamp="1748440227241" />
    <state x="869" y="546" width="1753" height="1101" key="WELCOME_SCREEN" timestamp="1747844685964">
      <screen x="0" y="0" width="1739" height="1087" />
    </state>
    <state x="869" y="454" width="800" height="650" key="WELCOME_SCREEN/0.0.1739.1039" timestamp="1743884635979" />
    <state x="869" y="546" width="1753" height="1101" key="WELCOME_SCREEN/0.0.1739.1087" timestamp="1747844685964" />
  </component>
</application>