<keymap version="1" name="Windows copy" parent="$default">
  <action id="ActivateTerminalToolWindow">
    <keyboard-shortcut first-keystroke="alt comma" />
  </action>
  <action id="Arrangement.Rule.Edit" />
  <action id="BookmarksView.Rename" />
  <action id="ChangesView.Rename">
    <keyboard-shortcut first-keystroke="shift f6" />
  </action>
  <action id="CloseActiveTab" />
  <action id="CloseContent">
    <keyboard-shortcut first-keystroke="ctrl w" />
  </action>
  <action id="Console.TableResult.EditValue">
    <keyboard-shortcut first-keystroke="enter" />
    <keyboard-shortcut first-keystroke="alt enter" />
  </action>
  <action id="Console.TableResult.GotoReferencedResult">
    <mouse-shortcut keystroke="button1 doubleClick" />
    <keyboard-shortcut first-keystroke="enter" />
    <keyboard-shortcut first-keystroke="alt enter" />
  </action>
  <action id="EditorSelectWord" />
  <action id="Git.Reword.Commit">
    <keyboard-shortcut first-keystroke="shift f6" />
  </action>
  <action id="GotoNextError" />
  <action id="Images.Thumbnails.Hide" />
  <action id="RenameElement">
    <keyboard-shortcut first-keystroke="shift f6" />
    <keyboard-shortcut first-keystroke="f2" />
  </action>
  <action id="ShelvedChanges.Rename">
    <keyboard-shortcut first-keystroke="shift f6" />
  </action>
  <action id="SmartSelect" />
  <action id="Table-startEditing" />
  <action id="TableResult.GrowSelection" />
  <action id="TableResult.SelectColumn" />
  <action id="Terminal.CloseTab">
    <keyboard-shortcut first-keystroke="ctrl w" />
  </action>
  <action id="Terminal.DeletePreviousWord" />
  <action id="Terminal.NewTab">
    <keyboard-shortcut first-keystroke="ctrl t" />
  </action>
  <action id="Tree-startEditing" />
  <action id="UsageFiltering.WriteAccess" />
  <action id="Vcs.UpdateProject" />
  <action id="XDebugger.SetValue" />
</keymap>